INSERT INTO Hotel (nume, adresa, telefon) VALUES('Hotel Royal', 'Str. Mihai Viteazu, Cluj-Napoca', '0730123456');
INSERT INTO Hotel (nume, adresa, telefon) VALUES('Hotel Continental', 'Bd. Unirii, Bucuresti', '0730223456');
INSERT INTO Hotel (nume, adresa, telefon) VALUES('Hotel Transilvania', 'Str. Avram Iancu, Cluj-Napoca', '0745123456');
INSERT INTO Hotel (nume, adresa, telefon) VALUES('Hotel Zenith', 'Str. Mamaia, Constanta', '0756123456');
INSERT INTO Hotel (nume, adresa, telefon) VALUES('Hotel Palace', 'Bd. Republicii, Bucuresti', '0767123456');
INSERT INTO Hotel (nume, adresa, telefon) VALUES('Hotel Carpathia', 'Str. Victoriei, Brasov', '0778123456');
INSERT INTO Hotel (nume, adresa, telefon) VALUES('Hotel Grand', 'Str. Stefan cel Mare, Iasi', '0789123456');
INSERT INTO Hotel (nume, adresa, telefon) VALUES('Hotel Elegance', 'Str. Mihai Viteazu, Cluj-Napoca', '0790123456');
INSERT INTO Hotel (nume, adresa, telefon) VALUES('Hotel Riviera', 'Bd. Mamaia, Constanta', '0731123456');
INSERT INTO Hotel (nume, adresa, telefon) VALUES('Hotel Imperial', 'Bd. Unirii, Bucuresti', '0732123456');

INSERT INTO Camere (hotell_id, tip_Camera, capacitate, pret_noapte, disponibilitate) VALUES(1, 'Single', 1, 200, TRUE);
INSERT INTO Camere (hotell_id, tip_Camera, capacitate, pret_noapte, disponibilitate) VALUES(1, 'Double', 2, 350, TRUE);
INSERT INTO Camere (hotell_id, tip_Camera, capacitate, pret_noapte, disponibilitate) VALUES(2, 'Single', 1, 220, TRUE);
INSERT INTO Camere (hotell_id, tip_Camera, capacitate, pret_noapte, disponibilitate) VALUES(2, 'Suite', 3, 500, TRUE);
INSERT INTO Camere (hotell_id, tip_Camera, capacitate, pret_noapte, disponibilitate) VALUES(3, 'Double', 2, 330, FALSE);
INSERT INTO Camere (hotell_id, tip_Camera, capacitate, pret_noapte, disponibilitate) VALUES(3, 'Family', 4, 600, TRUE);
INSERT INTO Camere (hotell_id, tip_Camera, capacitate, pret_noapte, disponibilitate) VALUES(4, 'Single', 1, 180, TRUE);
INSERT INTO Camere (hotell_id, tip_Camera, capacitate, pret_noapte, disponibilitate) VALUES(5, 'Double', 2, 300, FALSE);
INSERT INTO Camere (hotell_id, tip_Camera, capacitate, pret_noapte, disponibilitate) VALUES(6, 'Suite', 3, 550, TRUE);
INSERT INTO Camere (hotell_id, tip_Camera, capacitate, pret_noapte, disponibilitate) VALUES(7, 'Family', 4, 700, TRUE);

INSERT INTO Clienti (nume, email, telefon, adresa) VALUES('Ion Popescu', 'ion.popescu@gmail.com', '0711123456', 'Str. Aviatorilor, Bucuresti');
INSERT INTO Clienti (nume, email, telefon, adresa) VALUES('Maria Ionescu', 'maria.ionescu@yahoo.com', '0722123456', 'Str. Eminescu, Cluj-Napoca');
INSERT INTO Clienti (nume, email, telefon, adresa) VALUES('Andrei Popa', 'andrei.popa@yahoo.com', '0733123456', 'Str. Independentei, Brasov');
INSERT INTO Clienti (nume, email, telefon, adresa) VALUES('Elena Ionescu', 'elena.ionescu@yahoo.com', '0744123456', 'Bd. Magheru, Bucuresti');
INSERT INTO Clienti (nume, email, telefon, adresa) VALUES('George Marin', 'george.marin@gmail.com', '0755123456', 'Str. Revolutiei, Constanta');
INSERT INTO Clienti (nume, email, telefon, adresa) VALUES('Ana Popescu', 'ana.popescu@yahoo.com', '0766123456', 'Str. Mihai Viteazu, Cluj-Napoca');
INSERT INTO Clienti (nume, email, telefon, adresa) VALUES('Cristian Dumitru', 'cristian.dumitru@gmail.com', '0777123456', 'Str. Unirii, Iasi');
INSERT INTO Clienti (nume, email, telefon, adresa) VALUES('Elena Popa', 'elena.popa@gmail.com', '0788123456', 'Bd. Stefan cel Mare, Iasi');
INSERT INTO Clienti (nume, email, telefon, adresa) VALUES('Mihai Georgescu', 'mihai.georgescu@gmail.com', '0799123456', 'Str. Libertatii, Bucuresti');
INSERT INTO Clienti (nume, email, telefon, adresa) VALUES('Maria Dumitru', 'maria.dumitru@yahoo.com', '0710123456', 'Str. Avram Iancu, Brasov');

INSERT INTO Rezervari (client_id, camera_id, total_plata) VALUES(1, 1, 400);
INSERT INTO Rezervari (client_id, camera_id, total_plata) VALUES(2, 3, 660);
INSERT INTO Rezervari (client_id, camera_id, total_plata) VALUES(3, 4, 1000);
INSERT INTO Rezervari (client_id, camera_id, total_plata) VALUES(4, 5, 330);
INSERT INTO Rezervari (client_id, camera_id, total_plata) VALUES(5, 6, 1200);
INSERT INTO Rezervari (client_id, camera_id, total_plata) VALUES(6, 2, 700);
INSERT INTO Rezervari (client_id, camera_id, total_plata) VALUES(7, 8, 600);
INSERT INTO Rezervari (client_id, camera_id, total_plata) VALUES(8, 9, 1100);
INSERT INTO Rezervari (client_id, camera_id, total_plata) VALUES(9, 10, 1400);
INSERT INTO Rezervari (client_id, camera_id, total_plata) VALUES(10, 7, 500);

INSERT INTO Roluri_angajati (nume_rol, descriere) VALUES('Receptioner', 'Gestioneaza rezervarile si check-in/check-out');
INSERT INTO Roluri_angajati (nume_rol, descriere) VALUES('Manager', 'Administreaza hotelul si personalul');
INSERT INTO Roluri_angajati (nume_rol, descriere) VALUES('Bucatar', 'Pregateste mancarea pentru oaspeti');
INSERT INTO Roluri_angajati (nume_rol, descriere) VALUES('Curatenie', 'Responsabil cu intretinerea camerelor');
INSERT INTO Roluri_angajati (nume_rol, descriere) VALUES('Bellboy', 'Ajuta oaspetii cu bagajele');
INSERT INTO Roluri_angajati (nume_rol, descriere) VALUES('Contabil', 'Gestioneaza platile si finantele');
INSERT INTO Roluri_angajati (nume_rol, descriere) VALUES('Ospatar', 'Serveste in restaurant');
INSERT INTO Roluri_angajati (nume_rol, descriere) VALUES('Sef receptie', 'Coordoneaza receptionerii');
INSERT INTO Roluri_angajati (nume_rol, descriere) VALUES('Paznic', 'Asigura securitatea hotelului');
INSERT INTO Roluri_angajati (nume_rol, descriere) VALUES('Mecanic', 'Mentine echipamentele hotelului');

INSERT INTO Angajati (nume, Rol_id, hotell_id, data_angajare, salariu) VALUES('Vasile Pop', 1, 1, '15.01.2022', 3000);
INSERT INTO Angajati (nume, Rol_id, hotell_id, data_angajare, salariu) VALUES('Alexandru Ionescu', 2, 2, '10.06.2021', 5000);
INSERT INTO Angajati (nume, Rol_id, hotell_id, data_angajare, salariu) VALUES('Florin Mihai', 3, 3, '20.02.2023', 3200);
INSERT INTO Angajati (nume, Rol_id, hotell_id, data_angajare, salariu) VALUES('Adrian Georgescu', 4, 4, '01.09.2020', 2800);
INSERT INTO Angajati (nume, Rol_id, hotell_id, data_angajare, salariu) VALUES('Daniela Voicu', 5, 5, '11.12.2021', 3500);
INSERT INTO Angajati (nume, Rol_id, hotell_id, data_angajare, salariu) VALUES('Marian Stan', 6, 6, '22.07.2019', 4500);
INSERT INTO Angajati (nume, Rol_id, hotell_id, data_angajare, salariu) VALUES('Simona Enache', 7, 7, '18.05.2023', 3100);
INSERT INTO Angajati (nume, Rol_id, hotell_id, data_angajare, salariu) VALUES('Cristian Pop', 8, 8, '30.03.2022', 3800);
INSERT INTO Angajati (nume, Rol_id, hotell_id, data_angajare, salariu) VALUES('Diana Radu', 9, 9, '25.11.2018', 2900);
INSERT INTO Angajati (nume, Rol_id, hotell_id, data_angajare, salariu) VALUES('Lucian Ilie', 10, 10, '05.04.2020', 4000);

INSERT INTO Activitati (nume, descriere, pret) VALUES('Sauna', 'Relaxare in sauna hotelului', 50);
INSERT INTO Activitati (nume, descriere, pret) VALUES('Piscina', 'Acces la piscina interioara', 100);
INSERT INTO Activitati (nume, descriere, pret) VALUES('Masaj', 'Masaj de relaxare', 150);
INSERT INTO Activitati (nume, descriere, pret) VALUES('Yoga', 'Sedinta de yoga cu instructor', 70);
INSERT INTO Activitati (nume, descriere, pret) VALUES('Excursie', 'Tur ghidat in oras', 200);
INSERT INTO Activitati (nume, descriere, pret) VALUES('Fitness', 'Acces la sala de sport', 80);
INSERT INTO Activitati (nume, descriere, pret) VALUES('Tenis', 'Ora de tenis cu instructor', 120);
INSERT INTO Activitati (nume, descriere, pret) VALUES('Curs Gatit', 'Lectie de gatit cu chef', 180);
INSERT INTO Activitati (nume, descriere, pret) VALUES('Karaoke', 'Seara de karaoke in lounge', 60);
INSERT INTO Activitati (nume, descriere, pret) VALUES('Workshop Arta', 'Atelier de pictura', 90);

INSERT INTO Activitati_Rezervari (rezervare_id, activitate_id, nr_participanti) VALUES(1, 2, 2);
INSERT INTO Activitati_Rezervari (rezervare_id, activitate_id, nr_participanti) VALUES(2, 4, 3);
INSERT INTO Activitati_Rezervari (rezervare_id, activitate_id, nr_participanti) VALUES(3, 6, 1);
INSERT INTO Activitati_Rezervari (rezervare_id, activitate_id, nr_participanti) VALUES(4, 8, 4);
INSERT INTO Activitati_Rezervari (rezervare_id, activitate_id, nr_participanti) VALUES(5, 10, 2);
INSERT INTO Activitati_Rezervari (rezervare_id, activitate_id, nr_participanti) VALUES(6, 1, 3);
INSERT INTO Activitati_Rezervari (rezervare_id, activitate_id, nr_participanti) VALUES(7, 3, 5);
INSERT INTO Activitati_Rezervari (rezervare_id, activitate_id, nr_participanti) VALUES(8, 5, 2);
INSERT INTO Activitati_Rezervari (rezervare_id, activitate_id, nr_participanti) VALUES(9, 7, 4);
INSERT INTO Activitati_Rezervari (rezervare_id, activitate_id, nr_participanti) VALUES(10, 9, 3);

INSERT INTO Servicii (hotell_id, nume_serviciu, descriere, pret) VALUES(1, 'Room Service', 'Serviciu de livrare in camera', 30);
INSERT INTO Servicii (hotell_id, nume_serviciu, descriere, pret) VALUES(2, 'Mic Dejun', 'Mic dejun inclus', 50);
INSERT INTO Servicii (hotell_id, nume_serviciu, descriere, pret) VALUES(3, 'Spalatorie', 'Spalare si calcare haine', 70);
INSERT INTO Servicii (hotell_id, nume_serviciu, descriere, pret) VALUES(4, 'Parcare', 'Loc de parcare rezervat', 20);
INSERT INTO Servicii (hotell_id, nume_serviciu, descriere, pret) VALUES(5, 'Rent a Car', 'Inchiriere masina', 150);
INSERT INTO Servicii (hotell_id, nume_serviciu, descriere, pret) VALUES(6, 'Concierge', 'Asistenta pentru oaspeti', 40);
INSERT INTO Servicii (hotell_id, nume_serviciu, descriere, pret) VALUES(7, 'Transport Aeroport', 'Transport catre aeroport', 100);
INSERT INTO Servicii (hotell_id, nume_serviciu, descriere, pret) VALUES(8, 'Minibar', 'Produse incluse in minibar', 60);
INSERT INTO Servicii (hotell_id, nume_serviciu, descriere, pret) VALUES(9, 'Pet Friendly', 'Acceptam animale de companie', 50);
INSERT INTO Servicii (hotell_id, nume_serviciu, descriere, pret) VALUES(10, 'Wi-Fi Premium', 'Internet de mare viteza', 10);

INSERT INTO Servicii_clienti (client_id, serviciu_id, data_Serviciu) VALUES(1, 2, '05.01.24');
INSERT INTO Servicii_clienti (client_id, serviciu_id, data_Serviciu) VALUES(2, 4, '10.02.24');
INSERT INTO Servicii_clienti (client_id, serviciu_id, data_Serviciu) VALUES(3, 6, '15.03.24');
INSERT INTO Servicii_clienti (client_id, serviciu_id, data_Serviciu) VALUES(4, 8, '210.04.24');
INSERT INTO Servicii_clienti (client_id, serviciu_id, data_Serviciu) VALUES(5, 10, '25.05.24');
INSERT INTO Servicii_clienti (client_id, serviciu_id, data_Serviciu) VALUES(6, 1, '30.06.24');
INSERT INTO Servicii_clienti (client_id, serviciu_id, data_Serviciu) VALUES(7, 3, '05.07.24');
INSERT INTO Servicii_clienti (client_id, serviciu_id, data_Serviciu) VALUES(8, 5, '10.08.24');
INSERT INTO Servicii_clienti (client_id, serviciu_id, data_Serviciu) VALUES(9, 7, '15.09.24');
INSERT INTO Servicii_clienti (client_id, serviciu_id, data_Serviciu) VALUES(10, 9, '20.10.24');

INSERT INTO Plati (rezervare_id, suma, metoda_plata) VALUES(1, 400, 'Card');
INSERT INTO Plati (rezervare_id, suma, metoda_plata) VALUES(2, 660, 'Cash');
INSERT INTO Plati (rezervare_id, suma, metoda_plata) VALUES(3, 1000, 'Transfer Bancar');
INSERT INTO Plati (rezervare_id, suma, metoda_plata) VALUES(4, 330, 'Card');
INSERT INTO Plati (rezervare_id, suma, metoda_plata) VALUES(5, 1200, 'Cash');
INSERT INTO Plati (rezervare_id, suma, metoda_plata) VALUES(6, 700, 'Card');
INSERT INTO Plati (rezervare_id, suma, metoda_plata) VALUES(7, 600, 'Transfer Bancar');
INSERT INTO Plati (rezervare_id, suma, metoda_plata) VALUES(8, 1100, 'Cash');
INSERT INTO Plati (rezervare_id, suma, metoda_plata) VALUES(9, 1400, 'Card');
INSERT INTO Plati (rezervare_id, suma, metoda_plata) VALUES(10, 500, 'Card');